{"Loss/value_function": 0.1591142751276493, "Loss/surrogate": -0.014448483020532876, "Loss/learning_rate": 1e-05, "Policy/mean_noise_std": 1.0002988576889038, "Perf/total_fps": 44993, "Perf/collection_time": 1.9697496891021729, "Perf/learning_time": 0.21509242057800293, "Train/mean_reward": -0.6551658034324646, "Train/mean_episode_length": 20.38, "Train/mean_reward/time": -0.6551658034324646, "Train/mean_episode_length/time": 20.38, "Episode/rew_dont_move": -0.00033464058651588857, "Episode/rew_standing": 0.011752413585782051, "Episode/rew_termination": -0.08151888847351074, "Episode/rew_upright": 0.009764887392520905, "_timestamp": 1693546388.6137702, "_runtime": 1.8499271869659424, "_step": 0, "_wandb": {"runtime": 2}}